[   
{
  "routeType": "dynamic",
  "dbType": "mysql",
  "dbConnection": "MYSQL_1",
  "route": "/api/forms2",
  "cache": 0,
  "sqlQuery":" SELECT ffv.* FROM form_field_view ffv LEFT JOIN permissions p ON p.entity_type='users' AND p.entity_id={id} LEFT JOIN abilities a ON a.id=p.ability_id WHERE ffv.ability_name IN ('public', a.name) GROUP BY ffv.id",
  "keys": ["id","ffv.name","ability_name","created_at"],
  "uuidMapping": ["id"],
  "allowMethods": [
    "GET"
  ],
  "auth": "token",
  "acl": [
    "publicAccess"
  ]
}, 
{
  "routeType": "dynamic",
  "dbType": "mysql",
  "dbConnection": "MYSQL_1",
  "route": "/api/forms",
  "cache": 0,
  "allowMethods": [
    "POST"
  ],
  "auth": "token",
  "acl": [
    "publicAccess"
  ]
}, 
    {
      "routeType":"fileUpload", 
      "dbType": "mysql",
      "dbConnection": "MYSQL_1",
      "dbTable": "uploads",
      "route": "/api/gallery/upload",
      "allowMethods": ["POST"],
      "allowRead": ["id", "filename", "filepath", "filetype", "uploaded_by", "uploaded_at"],
      "allowWrite": ["filename", "filepath", "filetype", "uploaded_by","user_id"],
      "keys": ["id"],
      "acl": ["publicAccess"],
      "auth": "token",
      "fileUpload": {
        "allowedFileTypes": [
          "image/png",
          "image/jpeg"      
        ], 
        "storagePath": "./uploads" ,
        "fieldName": "picture"
      },
      "columnDefinitions": {
        "id": "INT PRIMARY KEY AUTO_INCREMENT",
        "filename": "VARCHAR(255)",
        "filepath": "TEXT",
        "filetype": "VARCHAR(50)",
        "uploaded_by": "VARCHAR(100)",
        "uploaded_at": "DATETIME DEFAULT CURRENT_TIMESTAMP"
      }
    }, 
    {
      "routeType": "dynamic",
      "dbType": "mysql",
      "dbConnection": "MYSQL_1",
      "route": "/api/mobile_sales_pages",
      "keys": ["id"],
      "sqlQuery": "SELECT id, slug, upper_page_title, video_url, fallback_video_url, model_name, model_description, short_description, bundle_image_url, normal_price, gender, condition_goal, template_slug, offerable_id, offerable_type, created_at, updated_at FROM mobile_sales_pages",
      "allowRead": ["id", "filename", "filepath", "filetype", "uploaded_by", "uploaded_at"],
      "allowMethods": ["GET"],
      "acl": ["publicAccess"],
      "auth": "token"      
    },
    {
      "routeType": "dynamic",
      "dbType": "mysql",
      "dbConnection": "MYSQL_1",
      "route": "/api/update_workout_rating",
      "auth": "token",
      "acl": ["publicAccess"],
      "allowMethods": ["PUT"]
     }, 
    {
      "routeType": "database",
      "dbType": "mysql",
      "dbConnection": "MYSQL_1",
      "dbTable": "uploads",
      "route": "/api/gallery",
      "keys": ["id"],
      "uuidMapping":true,
      "allowRead": ["id", "filename", "filepath", "filetype", "uploaded_by", "uploaded_at"],
      "allowMethods": ["GET","DELETE"],
      "acl": ["publicAccess"],
      "auth": "token",
      "owner": {
        "column": "user_id",
        "tokenField": "id"
      }
    }, 
    {
      "routeType": "database",
      "dbType": "mysql",
      "dbConnection": "MYSQL_1",
      "dbTable": "view_offers",
      "route": "/api/offers",
      "keys": ["offer_id", "offerable_id"],
      "allowRead": [
        "offer_id",
        "source",
        "sku",
        "offerable_id",
        "name",
        "default_price",
        "quantity",
        "price",
        "cost",
        "purchase_limit",
        "active",
        "fulfillment_item_id",
        "meta",
        "created_at",
        "updated_at",
        "product",
        "images"
      ],
      "allowWrite": [
        "offer_id",
        "source",
        "sku",
        "offerable_id",
        "name",
        "default_price",
        "quantity",
        "price",
        "cost",
        "purchase_limit",
        "active",
        "fulfillment_item_id",
        "meta",
        "created_at",
        "updated_at",
        "product",
        "images"
      ],
      "allowMethods": ["GET"],
      "columnDefinitions": {
        "offer_id": "String",
        "source": "String",
        "sku": "String",
        "offerable_id": "String",
        "name": "String",
        "default_price": "Int",
        "quantity": "Int",
        "price": "Int",
        "cost": "Int",
        "purchase_limit": "Int",
        "active": "Int",
        "fulfillment_item_id": "String",
        "meta": "JSON",
        "created_at": "String",
        "updated_at": "String",
        "product": "JSON",
        "cost_of_goods": "JSON",
        "order_form": "JSON",
        "plans": "JSON",
        "bundles": "JSON",
        "bundle_offer": "JSON",
        "images": "JSON",
        "member_portals": "JSON"
      },
      "auth": "token",
      "acl": ["publicAccess"]
    },
    {
      "routeType": "database",
      "dbType": "mysql",
      "dbConnection": "MYSQL_1",
      "dbTable": "users",
      "route": "/api/users_old",
      "cache":1,
      "allowRead": [
        "id",
        "name",
        "email",
        "password",
        "remember_token",
        "gender",
        "phone",
        "ltv",
        "rav",
        "status",
        "meta",
        "stripe_id",
        "default_source",
        "braintree_id",
        "paypal_email",
        "card_brand",
        "card_last_four",
        "card_exp_month",
        "card_exp_year",
        "postal_code",
        "country_code",
        "trial_ends_at",
        "last_login_at",
        "deleted_at",
        "created_at",
        "updated_at"
      ],
      "allowWrite": [
        "id",
        "name",
        "email",
        "password",
        "remember_token",
        "gender",
        "phone",
        "ltv",
        "rav",
        "status",
        "meta",
        "stripe_id",
        "default_source",
        "braintree_id",
        "paypal_email",
        "card_brand",
        "card_last_four",
        "card_exp_month",
        "card_exp_year",
        "postal_code",
        "country_code",
        "trial_ends_at",
        "last_login_at",
        "deleted_at",
        "created_at",
        "updated_at"
      ],
      "allowMethods": [
        "GET",
        "POST",
        "PUT",
        "DELETE",
        "PATCH"
      ],
      "columnDefinitions": {
        "id": "Int",
        "name": "String",
        "email": "String",
        "password": "String",
        "remember_token": "String",
        "gender": "String",
        "phone": "String",
        "ltv": "Int",
        "rav": "Int",
        "status": "String",
        "meta": "String",
        "stripe_id": "String",
        "default_source": "String",
        "braintree_id": "String",
        "paypal_email": "String",
        "card_brand": "String",
        "card_last_four": "String",
        "card_exp_month": "String",
        "card_exp_year": "String",
        "postal_code": "String",
        "country_code": "String",
        "trial_ends_at": "String",
        "last_login_at": "String",
        "deleted_at": "String",
        "created_at": "String",
        "updated_at": "String"
      },
      "auth": "token",
      "acl": [ "privateAccess" ],
      "owner": {
        "column": "id",
        "tokenField": "id"
      }
    },
    {
      "routeType": "dynamic",
      "dbType": "mysql",
      "dbConnection": "MYSQL_1",
      "route": "/api/forms",
      "uuidMapping": true,
      "allowMethods": [
        "GET"
      ],
      "auth": "token",
      "acl": [
        "publicAccess"
      ]
    },
    {
      "routeType": "dynamic",
      "dbType": "mysql",
      "dbConnection": "MYSQL_1",
      "route": "/api/subscriptions",
      "cache": 0,
      "allowMethods": [
        "GET"
      ],
      "auth": "token",
      "acl": [
        "publicAccess"
      ],
      "errorCodes": {     
          "unauthorized": {
                "httpCode": 403,
                "code": [3001],
                "message": "You are not authorized to access this resource, please log in again."
          }
      }
    },
    {
      "routeType": "database",
      "dbType": "mysql",
      "dbConnection": "MYSQL_1",
      "dbTable": "email_templates",
      "route": "/api/email_templates",
      "allowRead": [
        "id",
        "domain",
        "name",
        "template",
        "created_at"
      ],
      "allowWrite": [
        "id",
        "domain",
        "name",
        "template",
        "created_at"
      ],
      "allowMethods": [
        "GET",
        "POST",
        "PUT",
        "DELETE",
        "PATCH"
      ],
      "auth": "token",
      "acl": [
        "publicAccess"
      ]
    },
    {
      "routeType": "dynamic",
      "dbType": "mysql",
      "dbConnection": "MYSQL_1",
      "route": "/api/password/reset",
      "cache": 0,
      "allowWrite": [
        "domain"
      ],
      "allowMethods": [
        "POST"
      ]
    },
    {
      "routeType": "def",
      "dbType": "mysql",
      "dbConnection": "MYSQL_1",
      "dbTable": "view_users_combined",
      "route": "/api/view_users_combined",
      "allowRead": [
        "id",
        "uuid",
        "name",
        "email",
        "password",
        "remember_token",
        "firebase_token",
        "gender",
        "phone",
        "ltv",
        "rav",
        "status",
        "meta",
        "stripe_id",
        "default_source",
        "braintree_id",
        "paypal_email",
        "card_brand",
        "card_last_four",
        "card_exp_month",
        "card_exp_year",
        "postal_code",
        "country_code",
        "trial_ends_at",
        "last_login_at",
        "deleted_at",
        "created_at",
        "updated_at",
        "platform",
        "acl",
        "is_logged_in"
      ],
      "allowWrite": [
        "uuid",
        "name",
        "email",
        "password",
        "remember_token",
        "firebase_token",
        "gender",
        "phone",
        "ltv",
        "rav",
        "status",
        "meta",
        "stripe_id",
        "default_source",
        "braintree_id",
        "paypal_email",
        "card_brand",
        "card_last_four",
        "card_exp_month",
        "card_exp_year",
        "postal_code",
        "country_code",
        "trial_ends_at",
        "last_login_at",
        "deleted_at",
        "created_at",
        "updated_at",
        "platform",
        "acl",
        "is_logged_in"
      ],
      "keys": [
        "id"
      ],
      "allowMethods": [
        "GET",
        "POST",
        "PUT",
        "DELETE"
      ],
      "columnDefinitions": {
        "id": "Int",
        "uuid": "String",
        "name": "String",
        "email": "String",
        "password": "String",
        "remember_token": "String",
        "firebase_token": "String",
        "gender": "String",
        "phone": "String",
        "ltv": "Int",
        "rav": "Int",
        "status": "String",
        "meta": "JSON",
        "stripe_id": "String",
        "default_source": "String",
        "braintree_id": "String",
        "paypal_email": "String",
        "card_brand": "String",
        "card_last_four": "String",
        "card_exp_month": "String",
        "card_exp_year": "String",
        "postal_code": "String",
        "country_code": "String",
        "trial_ends_at": "Timestamp",
        "last_login_at": "Timestamp",
        "deleted_at": "Timestamp",
        "created_at": "Timestamp",
        "updated_at": "Timestamp",
        "platform": "Enum",
        "acl": "String",
        "is_logged_in": "Int"
      }
    },
    {
      "routeType":"def",
      "dbType": "mysql",
      "dbConnection": "MYSQL_1",
      "route": "/api/register",
      "allowMethods": ["POST"],
      "allowRead": ["email", "uuid", "password", "name", "gender", "country_code", "acl", "platform","created_at"],
      "allowWrite": ["email", "uuid",  "password", "name", "gender", "country_code", "acl", "platform","created_at"],
      "cache": 0,
      "validation": {
        "email": {
          "type": "string",
          "notEmpty": true,
          "isValidEmail": true,
          "errorCodes": {
            "httpCode": 400,
            "code": [2001]  
          }
        },
        "password": {
          "type": "string",
          "notEmpty": true,
          "minLength": 8,
          "regex": "^(?=.*[A-Za-z]).{8,}$",
          "errorCodes": {
            "httpCode": 400,
            "code": [2003]  
          }
        },
        "name": {
          "type": "string",
          "notEmpty": true,
          "errorCodes": {
            "httpCode": 400,
            "code": [2001]
          }  
        },
        "gender": {
          "type": "string",
          "gender": true,
          "errorCodes": {
            "httpCode": 400,
            "code": [2001],
            "message": "Gender must be one of: male, female, nonbinary."
          }
        },
        "country_code": {
          "type": "string",
          "countryCode": true,
          "errorCodes": {
            "httpCode": 400,
            "code": [2001]  
          }
        },
        "platform": {
          "type": "string",
          "platform": true,
          "errorCodes": {
            "httpCode": 400,
            "code": [2001],
            "message": "Platform must be one of: ios, android, web."
          }
        },
        "timezone": {
          "type": "string",
          "timezone": true,
          "errorCodes": {
            "httpCode": 400,
            "code": [2001]  
          }
          }
        }
      },
    {
      "routeType": "database",
      "dbType": "mysql",
      "dbConnection": "MYSQL_1",
      "dbTable": "users_v2",
      "route": "/api/update_profile",
      "keys": [
        "id"
      ],
      "cache": 0,
      "allowRead": [
        "id",
        "uuid",
        "firebase_token",
        "name",
        "email",
        "gender",
        "phone",
        "ltv",
        "rav",
        "status",
        "meta",
        "stripe_id",
        "default_source",
        "braintree_id",
        "paypal_email",
        "card_brand",
        "card_last_four",
        "card_exp_month",
        "card_exp_year",
        "postal_code",
        "country_code",
        "trial_ends_at",
        "last_login_at",
        "deleted_at",
        "created_at",
        "updated_at",
        "platform",
        "acl",
        "is_logged_in"
      ],
      "allowWrite": [
        "uuid",
        "name",
        "email",
        "password",
        "remember_token",
        "firebase_token",
        "gender",
        "phone",
        "ltv",
        "rav",
        "status",
        "meta",
        "stripe_id",
        "default_source",
        "braintree_id",
        "paypal_email",
        "card_brand",
        "card_last_four",
        "card_exp_month",
        "card_exp_year",
        "postal_code",
        "country_code",
        "trial_ends_at",
        "last_login_at",
        "deleted_at",
        "created_at",
        "updated_at",
        "platform",
        "acl",
        "is_logged_in"
      ],
      "allowMethods": [
        "PATCH"
      ],
      "columnDefinitions": {
        "id": "Int",
        "uuid": "String",
        "name": "String",
        "email": "String",
        "password": "String",
        "remember_token": "String",
        "firebase_token": "String",
        "gender": "String",
        "phone": "String",
        "ltv": "Int",
        "rav": "Int",
        "status": "String",
        "meta": "JSON",
        "stripe_id": "String",
        "default_source": "String",
        "braintree_id": "String",
        "paypal_email": "String",
        "card_brand": "String",
        "card_last_four": "String",
        "card_exp_month": "String",
        "card_exp_year": "String",
        "postal_code": "String",
        "country_code": "String",
        "trial_ends_at": "Timestamp",
        "last_login_at": "Timestamp",
        "deleted_at": "Timestamp",
        "created_at": "Timestamp",
        "updated_at": "Timestamp",
        "platform": "Enum",
        "acl": "String",
        "is_logged_in": "Int"
      },
      "acl": [
        "publicAccess"
      ],
      "auth": "token",
      "owner": {
        "column": "id",
        "tokenField": "id"
      },
      "errorCodes": {
        "unauthorized": {
          "httpCode": 403,
          "code": [
            3001
          ],
          "message": "You are not authorized to access this resource, please log in again."
        }
      }
    },
    {
      "routeType": "def",
      "dbType": "mysql",
      "dbConnection": "MYSQL_1",
      "dbTable": "users_v2",
      "route": "/api/users_v2",
      "keys": [
        "id"
      ],
      "allowRead": [
        "id",
        "uuid",
        "password",
        "firebase_token",
        "name",
        "email",
        "gender",
        "phone",
        "ltv",
        "rav",
        "status",
        "meta",
        "stripe_id",
        "default_source",
        "braintree_id",
        "paypal_email",
        "card_brand",
        "card_last_four",
        "card_exp_month",
        "card_exp_year",
        "postal_code",
        "country_code",
        "trial_ends_at",
        "last_login_at",
        "deleted_at",
        "created_at",
        "updated_at",
        "platform",
        "acl",
        "is_logged_in"
      ],
      "allowWrite": [
        "uuid",
        "name",
        "email",
        "password",
        "remember_token",
        "firebase_token",
        "gender",
        "phone",
        "ltv",
        "rav",
        "status",
        "meta",
        "stripe_id",
        "default_source",
        "braintree_id",
        "paypal_email",
        "card_brand",
        "card_last_four",
        "card_exp_month",
        "card_exp_year",
        "postal_code",
        "country_code",
        "trial_ends_at",
        "last_login_at",
        "deleted_at",
        "created_at",
        "updated_at",
        "platform",
        "acl",
        "is_logged_in"
      ],
      "allowMethods": [
        "GET",
        "POST",
        "PUT",
        "DELETE"
      ],
      "columnDefinitions": {
        "id": "Int",
        "uuid": "String",
        "name": "String",
        "email": "String",
        "password": "String",
        "remember_token": "String",
        "firebase_token": "String",
        "gender": "String",
        "phone": "String",
        "ltv": "Int",
        "rav": "Int",
        "status": "String",
        "meta": "JSON",
        "stripe_id": "String",
        "default_source": "String",
        "braintree_id": "String",
        "paypal_email": "String",
        "card_brand": "String",
        "card_last_four": "String",
        "card_exp_month": "String",
        "card_exp_year": "String",
        "postal_code": "String",
        "country_code": "String",
        "trial_ends_at": "Timestamp",
        "last_login_at": "Timestamp",
        "deleted_at": "Timestamp",
        "created_at": "Timestamp",
        "updated_at": "Timestamp",
        "platform": "Enum",
        "acl": "String",
        "is_logged_in": "Int"
      }
    },
    {
      "routeType": "def",
      "dbType": "mysql",
      "dbConnection": "MYSQL_1",
      "dbTable": "password_resets",
      "route": "/api/password_resets",
      "keys": [
        "email"
      ],
      "allowRead": [
        "email",
        "token",
        "created_at"
      ],
      "allowWrite": [
        "email",
        "token",
        "created_at"
      ],
      "allowMethods": [
        "GET",
        "POST",
        "PUT",
        "DELETE"
      ],
      "columnDefinitions": {
        "email": "String",
        "tokenField": "String",
        "created_at": "Timestamp"
      }
    },
    {
      "routeType": "database",
      "dbType": "mysql",
      "dbConnection": "MYSQL_1",
      "route": "/api/posts",
      "dbTable": "view_posts",
      "keys": [
        "id", "title", "slug"
      ],
      "uuidMapping": true,
      "cache": 0,
      "validation": {
        "id": {
          "type": "string",
          "regex": "^(?=.*[A-Za-z])(?=.*\\d)[A-Za-z0-9]{8}-[A-Za-z0-9]{4}-[A-Za-z0-9]{10}-[A-Za-z0-9]{12}-[A-Za-z0-9]{8}$",
          "errorCodes": {
            "httpCode": 400,
            "code": [1001]  
          }
        },
        "title": {
          "type": "string",
          "regex": "^(?=.*[A-Za-z]).+$",
          "errorCodes": {
            "httpCode": 400,
            "code": [1001]
          }
        },
        "slug": {
          "type": "string",
          "regex": "^(?=.*[A-Za-z]).+$",
          "errorCodes": {
            "httpCode": 400,
            "code": [1001]
          }
        }
      },
      "errorCodes": {     
          "unauthorized": {
                "httpCode": 403,
                "code": [3001],
                "message": "You are not authorized to access this resource, please log in again."
          },
          "notFound": {
                "httpCode": 401,
                "code": [1001],
                "message": "Post not found."
          }
      },
      "allowRead": [
        "id",
        "template",
        "slug",
        "title",
        "content",
        "vimeo_id",
        "youtube_id",
        "jw_id",
        "meta",
        "status",
        "image",
        "created_at",
        "updated_at"
      ],
      "allowWrite": [],
      "allowMethods": [
        "GET"
      ],
      "columnDefinitions": {
        "id": "Int",
        "template": "String",
        "slug": "String",
        "title": "String",
        "content": "String",
        "vimeo_id": "String",
        "youtube_id": "String",
        "jw_id": "String",
        "meta": "JSON",
        "status": "String",
        "image": "JSON",
        "created_at": "String",
        "updated_at": "String"
      },
      "auth": "token",
      "acl": [ "publicAccess" ]
    },
    {
      "routeType": "database",
      "dbType": "mysql",
      "dbConnection": "MYSQL_1",
      "dbTable": "supplement_view",
      "route": "/api/supplements",
      "keys": ["id", "gender"],
      "uuidMapping": true,
      "cache": 0,
      "allowRead": [
        "id",
        "name",
        "slug",
        "text_description",
        "dosage",
        "gender",
        "link",
        "vimeo_id",
        "youtube_id",
        "jw_id",
        "disabled",
        "order",
        "category",
        "products",
        "funnel",
        "images",
        "created_at",
        "updated_at"
      ],
      "validation": {
        "id": {
          "type": "string",
          "regex": "^(?=.*[A-Za-z])(?=.*\\d)[A-Za-z0-9]{8}-[A-Za-z0-9]{4}-[A-Za-z0-9]{10}-[A-Za-z0-9]{12}-[A-Za-z0-9]{8}$",
          "errorCodes": {
            "httpCode": 400,
            "code": [1001],
            "message": "UUID is invalid."
          }
        },
        "gender": {
          "type": "string",
          "enum": ["male", "female", "nonbinary"],
          "errorCodes": {
            "httpCode": 400,
            "code": [1002],
            "message": "Gender must be one of: male, female, nonbinary"
          }
        },
        "columnDefinitions": {
          "id": "String",
          "name": "String",
          "slug": "String",
          "text_description": "String",
          "dosage": "String",
          "gender": "Enum",
          "link": "String",
          "vimeo_id": "String",
          "youtube_id": "String",
          "jw_id": "String",
          "disabled": "Boolean",
          "order": "JSON",
          "category": "JSON",
          "products": "JSON",
          "funnel": "JSON",
          "images": "JSON",
          "created_at": "String",
          "updated_at": "String"
        }
    },
      "allowMethods": [
        "GET"
      ],
      "auth": "token",
      "acl": [ "publicAccess" ]
    },
    {
      "routeType": "database",
      "dbType": "mysql",
      "dbConnection": "MYSQL_1",
      "route": "/api/mobile_banners",
      "dbTable": "mobile_banners",
      "uuidMapping": true,
      "keys": ["id"],
      "allowRead": [
        "id",
        "title",
        "body",
        "tag",
        "action_text",
        "action_url",
        "style",
        "location",
        "gender",
        "background_color_code",
        "title_color_code",
        "body_color_code",
        "tag_background_color_code",
        "tag_text_color_code",
        "button_background_color_code",
        "button_border_color_code",
        "button_text_color_code",
        "show_exit_button",
        "accessory_text",
        "accessory_text_color_code",
        "strikethrough_accessory_text",
        "strikethrough_accessory_text_color_code",
        "created_at",
        "updated_at",
        "display_at",
        "expires_at",
        "published_at"
      ],
      "allowWrite": [],
      "allowMethods": [
        "GET"
      ],
      "columnDefinitions": {
        "id": "String",
        "title": "String",
        "body": "String",
        "tag": "String",
        "action_text": "String",
        "action_url": "String",
        "style": "String",
        "location": "String",
        "gender": "String",
        "background_color_code": "String",
        "title_color_code": "String",
        "body_color_code": "String",
        "tag_background_color_code": "String",
        "tag_text_color_code": "String",
        "button_background_color_code": "String",
        "button_border_color_code": "String",
        "button_text_color_code": "String",
        "show_exit_button": "Boolean",
        "accessory_text": "String",
        "accessory_text_color_code": "String",
        "strikethrough_accessory_text": "String",
        "strikethrough_accessory_text_color_code": "String",
        "created_at": "String",
        "updated_at": "String",
        "display_at": "String",
        "expires_at": "String",
        "published_at": "String"
      },
      "validation": {
        "id": {
          "type": "string",
          "regex": "^(?=.*[A-Za-z])(?=.*\\d)[A-Za-z0-9]{8}-[A-Za-z0-9]{4}-[A-Za-z0-9]{10}-[A-Za-z0-9]{12}-[A-Za-z0-9]{8}$",
          "errorCodes": {
            "httpCode": 400,
            "code": [1001]  
          }
        }
      },
      "errorCodes": {     
          "unauthorized": {
                "httpCode": 403,
                "code": [3001],
                "message": "You are not authorized to access this resource, please log in again."
          },
          "notFound": {
                "httpCode": 401,
                "code": [1001],
                "message": "Mobile banner(s) not found."
          }
      },
      "auth": "token",
      "acl": ["publicAccess"]
    },
    {
      "routeType": "dynamic",
      "dbType": "mysql",
      "dbConnection": "MYSQL_1",
      "route": "/api/form_submissions",
      "allowMethods": ["GET"],
      "sqlQuery": "SELECT id, slug, form_id, user_id, purchase_type, target, last_purchased_at, meta, renewing_at, purchase_id, created_at, updated_at FROM view_user_form_submissions",
      "uuidMapping": true,
      "keys": ["id","form_id","user_id"],
      "response": {
        "fields": [
          "id",
          "slug",
          "form_id",
          "user_id",
          "purchase_type",
          "target",
          "last_purchased_at",
          "meta",
          "renewing_at",
          "purchase_id",
          "created_at",
          "updated_at"
        ]
      },
      "acl": ["publicAccess"],
      "auth": "token",
      "cache": 0
    },    
    {
      "routeType": "dynamic",
      "dbType": "mysql",
      "dbConnection": "MYSQL_1",
      "dbTable": "view_pivot_member_portals",
      "route": "/api/member_portals",
      "auth": "token",
      "cache": 0,
      "keys": ["ability", "gender"],
      "allowMethods": [
        "GET"
      ],
      "acl": [
        "publicAccess"
      ]
    },
    {
      "routeType": "database",
      "dbType": "mysql",
      "dbConnection": "MYSQL_1",
      "dbTable": "view_custom_plan",
      "route": "/api/user_custom_plans",
      "keys": [
        "purchase_uuid"
      ],
      "allowRead": [
        "purchase_uuid",
        "user_id",
        "purchase_type",
        "created_at",
        "updated_at",
        "meta",
        "plan_name",
        "is_contest",
        "filled_out_questionnaire",
        "custom_plans_created_at",
        "custom_plans_expires_at",
        "amount",
        "status",
        "custom_plans",
        "subscription"
      ],
      "allowWrite": [],
      "allowMethods": [
        "GET"
      ],
      "owner": {
        "column": "user_id",
        "tokenField": "id"
      },
      "validation": {
        "purchase_uuid": {
          "type": "string",
          "regex": "^(?=.*[A-Za-z])(?=.*\\d)[A-Za-z0-9]{8}-[A-Za-z0-9]{4}-[A-Za-z0-9]{10}-[A-Za-z0-9]{12}-[A-Za-z0-9]{8}$",
          "errorCodes": {
            "httpCode": 400,
            "code": [1001]  
          }
        }
      },"errorCodes": {     
          "unauthorized": {
                "httpCode": 403,
                "code": [3001],
                "message": "You are not authorized to access this resource, please log in again."
          },
          "notFound": {
                "httpCode": 401,
                "code": [1001],
                "message": "Custom Plan(s) not found."
          }
      },
      "columnDefinitions": {
        "purchase_id": "String",
        "user_id": "Int",
        "purchase_type": "String",
        "created_at": "String",
        "updated_at": "String",
        "meta": "Json",
        "plan_name": "String",
        "is_contest": "Int",
        "filled_out_questionnaire": "Int",
        "custom_plans_created_at": "String",
        "custom_plans_expired_at": "String",
        "amount": "Int",
        "status": "String",
        "custom_plans": "Json",
        "subscription": "Json"
      },
      "auth": "token",
      "acl": [
        "publicAccess"
      ]
    },
    {
      "routeType": "dynamic",
      "dbType": "mysql",
      "dbTable": "view_funnel_view",
      "dbConnection": "MYSQL_1",
      "route": "/api/funnels",
      "allowRead": [
        "id",
        "title",
        "slug",
        "created_at",
        "updated_at",
        "outcomes",
        "funnel_page",
        "supplements"
      ],
      "allowMethods": [
        "GET"
      ],
      "auth": "token",
      "acl": [
        "publicAccess"
      ]
    },
    {
      "routeType": "database",
      "dbType": "mysql",
      "dbConnection": "MYSQL_1",
      "dbTable": "view_order_history",
      "route": "/api/orders",
      "uuidMapping": true,
      "cache": 0,
      "keys": [
        "id",
        "user_id",
        "status",
        "source"
      ],
      "allowRead": [
        "id",
        "user_id",
        "source",
        "external_order_id",
        "amount",
        "amount_returned",
        "tax_amount",
        "cost_of_goods",
        "status",
        "currency",
        "shipped_at",
        "shipment_group",
        "tracking_number",
        "refunded_at",
        "refund_requested_at",
        "created_at",
        "updated_at",
        "meta",
        "description",
        "amount_purchases",
        "user",
        "created_by",
        "billing_address",
        "shipping_address",
        "items",
        "subscription",
        "questionnaire",
        "invoice",
        "discounts",
        "successful_payment",
        "payments",
        "returns",
        "refunds",
        "notes",
        "sift_status",
        "service"
      ],
      "allowWrite": [],
      "allowMethods": [
        "GET"
      ],
      "owner": {
        "column": "user_id",
        "tokenField": "id"
      },
      "validation": {
        "id": {
          "type": "string",
          "regex": "^(?=.*[A-Za-z])(?=.*\\d)[A-Za-z0-9]{8}-[A-Za-z0-9]{4}-[A-Za-z0-9]{10}-[A-Za-z0-9]{12}-[A-Za-z0-9]{8}$",
          "errorCodes": {
            "httpCode": 400,
            "code": [1001]  
          }
        }
      },
      "columnDefinitions": {
      "id": "String",
      "user_id": "String",
      "source": "String",
      "external_order_id": "String",
      "amount": "Int",
      "amount_returned": "Int",
      "tax_amount": "Int",
      "cost_of_goods": "Int",
      "status": "String",
      "currency": "String",
      "shipped_at": "String",
      "shipment_group": "String",
      "tracking_number": "String",
      "refunded_at": "String",
      "refund_requested_at": "String",
      "created_at": "String",
      "updated_at": "String",
      "meta": "Json",
      "description": "String",
      "amount_purchases": "Decimal",
      "user": "Json",
      "created_by": "String",
      "billing_address": "Json",
      "shipping_address": "Json",
      "items": "Json",
      "subscription": "Json",
      "questionnaire": "Json",
      "invoice": "Json",
      "discounts": "Json",
      "successful_payment": "String",
      "payments": "Json",
      "returns": "Json",
      "refunds": "Json",
      "notes": "String",
      "sift_status": "String",
      "service": "String"
    },
      "auth": "token",
      "acl": [
        "publicAccess"
      ]
    },
    {
      "routeType": "dynamic",
      "dbType": "mysql",
      "route": "/api/login",
      "dbConnection": "MYSQL_1",
      "allowMethods": [
        "POST"
      ],
      "keys": [
        "email"
      ],
      "cache": 0,
      "validation": {
        "email": {
          "type": "string",
          "isValidEmail": true,
          "notEmpty": true,
          "errorCodes": {
            "httpCode": 401,
            "code": [2003]  
          }
        },
        "password": {
          "type": "string",
          "notEmpty": true,
          "minLength": 8,
          "regex": "^(?=.*[A-Za-z]).{8,}$",
          "errorCodes": {
            "httpCode": 401,
            "code": [2003]  
          }
        }
      }
    },
    {
      "routeType": "dynamic",
      "allowMethods": [
        "POST"
      ],
      "allowRead": [],
      "allowWrite": [],
      "route": "/api/logout",
      "cache": 0
    },
    {
      "routeType": "database",
      "dbType": "mysql",
      "dbConnection": "MYSQL_1",
      "dbTable": "view_user_in_app_notifications",
      "route": "/api/user_in_app_notifications",
      "keys": ["id", "user_id", "user_event_id"],
      "uuidMapping": true,
      "cache": 0,
      "allowRead": [
          "id",
          "user_id",
          "user_event_id",
          "title",
          "body",
          "starts_at",
          "viewed_at",
          "expires_at",
          "deleted_at",
          "in_app_notification",
          "created_at",
          "updated_at"
      ],
      "allowWrite": [
          "user_id",
          "user_event_id",
          "title",
          "body",
          "in_app_notification",
          "starts_at",
          "viewed_at",
          "expires_at",
          "deleted_at"
      ],
      "owner": {
          "column": "user_id",
          "tokenField": "id"
      },
      "allowMethods": ["GET"],
      "validation": {
        "id": {
          "type": "string",
          "regex": "^(?=.*[A-Za-z])(?=.*\\d)[A-Za-z0-9]{8}-[A-Za-z0-9]{4}-[A-Za-z0-9]{10}-[A-Za-z0-9]{12}-[A-Za-z0-9]{8}$",
          "errorCodes": {
            "httpCode": 400,
            "code": [1001]  
          }
        },
        "user_event_id": {
            "type": "number",
            "errorCodes": {
              "httpCode": 400,
              "code": [1001]
          }
        },
        "user_id": {
         "type": "string",
            "regex": "/^\\d+$/",
            "errorCodes": {
              "httpCode": 400,
              "code": [1001],
              "message": "user_id must be a number."
          }
        }
      },
      "errorCodes": {     
          "unauthorized": {
                "httpCode": 403,
                "code": [3001],
                "message": "You are not authorized to access this resource, please log in again."
          },
          "notFound": {
                "httpCode": 401,
                "code": [1001],
                "message": "Post not found."
          }
      },
      "columnDefinitions": {
          "id": "Int",
          "user_id": "Int",
          "user_event_id": "Int",
          "title": "String",
          "body": "String",
          "starts_at": "String",
          "viewed_at": "String",
          "expires_at": "String",
          "deleted_at": "String",
          "in_app_notification": "JSON",
          "created_at": "String",
          "updated_at": "String"
      },
      "auth": "token",
      "acl": ["publicAccess"]
    },
    {
      "routeType": "database",
      "dbType": "mysql",
      "dbConnection": "MYSQL_1",
      "dbTable": "view_user_questionnaire",
      "route": "/api/user_questionnaires/status",
      "cache": 0,
      "allowRead": [
        "has_form_submission",
        "questionnaire"
      ],
      "allowWrite": [],
      "allowMethods": [
        "GET"
      ],
      "keys": ["slug"],
      "auth": "token",
      "acl": ["publicAccess"],
      "owner": {
        "column": "user_id",
        "tokenField": "id"
      },
      "columnDefinitions": {
       "user_id": "Int",
        "has_form_submission": "String",
        "questionnaire": "JSON",
        "name": "String",
        "slug": "String"
      }
    },
    {
      "routeType":"dynamic",
      "dbType": "mysql",
      "dbConnection": "MYSQL_1",
      "route": "/api/vsu_menu",
      "auth": "token",
      "allowMethods": ["GET"],
      "cache": 0,
      "errorCodes": {     
          "unauthorized": {
                "httpCode": 401,
                "code": [1001],
                "message": "You are not authorized to access this resource, please log in again."
          } 
      },
      "acl": ["publicAccess"]
    },
    {
      "routeType": "database",
      "dbType": "mysql",
      "dbConnection": "MYSQL_1",
      "dbTable": "workout_ratings_v3",
      "route": "/api/update_workout_rating",
      "allowRead": [
        "id",
        "user_id",
        "workout_id",
        "thumbs_up"
      ],
      "allowWrite": [
        "thumbs_up"
      ],
      "allowMethods": [
        "PATCH"
      ],
      "keys": [
        "id"
      ],
      "auth": "token",
      "acl": [
        "publicAccess"
      ],
      "owner": {
        "column": "user_id",
        "tokenField": "id"
      },
      "columnDefinitions": {
        "id": "Int",
        "user_id": "Int",
        "workout_id": "Int",
        "thumbs_up": "TinyInt"
      },
      "validation": {
        "id": {
          "type": "number",
          "notEmpty": false,
          "errorCodes": {
            "httpCode": 400,
            "code": [
              1001
            ],
            "message": "Please enter a valid id."
          }
        },
        "thumbs_up": {
          "type": "number",
          "enum": [
            0,
            1
          ],
          "message": "Please enter a valid value for thumbs_up. It must be either 0 or 1."
        },
        "errorCodes": {
          "notFound": {
            "httpCode": 400,
            "code": [
              1001
            ],
            "message": "Workout Rating not found."
          },
          "unauthorized": {
            "httpCode": 401,
            "code": [
              3001
            ],
            "message": "You are not authorized to access this resource. Please log in again."
          }
        }
      }
    },
    {
      "routeType": "database",
      "dbType": "mysql",
      "dbConnection": "MYSQL_1",
      "dbTable": "workout_difficulties_v3",
      "route": "/api/update_workout_difficulty",
      "allowRead": [
        "id",
        "workout_id",
        "user_id",
        "difficulty"
      ],
      "allowWrite": [
        "difficulty"
      ],
      "allowMethods": [
        "PATCH"
      ],
      "keys": ["id"],
      "auth": "token",
      "acl": ["publicAccess"],
      "columnDefinitions": {
        "id": "Int",
        "workout_id": "Int",
        "user_id": "Int",
        "difficulty": "Int"
      },
      "owner": {
        "column": "user_id",
        "tokenField": "id"
      },
      "validation": {
        "id": {
          "type": "number",
          "notEmpty": false,
          "errorCodes": {
            "httpCode": 400,
            "code": [
              1001
            ],
            "message": "Please enter a valid id."
          }
        },
        "difficulty": {
          "type": "number",
          "enum": [
            1,
            2,
            3,
            4,
            5,
            6,
            7,
            8,
            9,
            10
          ],
          "message": "Please enter a valid value for difficulty. It must be between 1 and 10."
        },
        "errorCodes": {
          "notFound": {
            "httpCode": 400,
            "code": [
              1001
            ],
            "message": "Workout Difficulty not found."
          },
          "unauthorized": {
            "httpCode": 401,
            "code": [
              3001
            ],
            "message": "You are not authorized to access this resource. Please log in again."
          }
        }
      }
    },
    {
      "routeType": "dynamic",
      "dbType": "mysql",
      "dbConnection": "MYSQL_1",
      "route": "/api/finish_workout",
      "allowMethods": [
        "POST"
      ],
      "auth": "token",
      "acl": ["publicAccess"],
      "owner": {
        "column": "user_id",
        "tokenField": "id"
      },
      "validation": {
        "set_id": {
          "type": "number",
          "notEmpty": true,
          "errorCodes": {
            "httpCode": 400,
            "code": [
              1001
            ],
            "message": "Please enter a valid set id."
          }
        },
        "errorCodes": {
          "unauthorized": {
            "httpCode": 401,
            "code": [
              3001
            ],
            "message": "You are not authorized to access this resource. Please log in again."
          }
        }
      }
    },
    {
      "routeType": "dynamic",
      "dbType": "mysql",
      "route": "/api/users",
      "dbConnection": "MYSQL_1",
      "allowMethods": [
        "GET"
      ],
      "cache": 0,
      "auth": "token",
      "acl": [
        "publicAccess"
      ],
      "errorCodes": {
        "unauthorized": {
          "httpCode": 403,
          "code": [
            3001
          ],
          "message": "You are not authorized to access this resource, please log in again."
        }
      }
    },
    {
      "routeType": "database",
      "dbType": "mysql",
      "dbConnection": "MYSQL_1",
      "dbTable": "user_in_app_notifications",
      "route": "/api/delete_notification",
      "allowMethods": [
        "DELETE"
      ],
      "keys": ["id"],
      "auth": "token",
      "acl": ["publicAccess"],
      "owner": {
        "column": "user_id",
        "tokenField": "id"
      },
      "validation": {
        "id": {
          "type": "number",
          "notEmpty": false,
          "errorCodes": {
            "httpCode": 400,
            "code": [
              1001
            ],
            "message": "Please enter a valid id."
          }
        },
        "errorCodes": {
          "notFound": {
            "httpCode": 400,
            "code": [
              1001
            ],
            "message": "Workout Difficulty not found."
          },
          "unauthorized": {
            "httpCode": 401,
            "code": [
              3001
            ],
            "message": "You are not authorized to access this resource. Please log in again."
          }
        }
      }
  }
]
  