[
  {
    "routeType": "def",
    "dbType": "mysql",
    "dbConnection": "MYSQL_1",
    "dbTable": "request_logs",
    "keys": ["id", "request_id", "timestamp_start", "method", "response_status", "user_id"],
    "allowRead": [
      "id",
      "request_id",
      "timestamp_start",
      "timestamp_end",
      "method",
      "url",
      "path",
      "query_params",
      "headers",
      "body",
      "response_body",
      "response_status",
      "ip_address",
      "user_agent",
      "user_id",
      "duration_ms",
      "encrypted"
    ],
    "allowWrite": [
      "request_id",
      "timestamp_start",
      "timestamp_end",
      "method",
      "url",
      "path",
      "query_params",
      "headers",
      "body",
      "response_body",
      "response_status",
      "ip_address",
      "user_agent",
      "user_id",
      "duration_ms",
      "encrypted"
    ],
    "allowedMethods": ["GET", "POST", "PUT", "DELETE"],
    "columnDefinitions": {
      "id": "Int",
      "request_id": "String",
      "timestamp_start": "String",
      "timestamp_end": "String",
      "method": "String",
      "url": "String",
      "path": "String",
      "query_params": "String",
      "headers": "String",
      "body": "String",
      "response_body": "String",
      "response_status": "Int",
      "ip_address": "String",
      "user_agent": "String",
      "user_id": "String",
      "duration_ms": "Int",
      "encrypted": "Int"
    },
    "auth": "token",
    "acl": ["publicAccess"]
  }
,   
{
  "routeType": "def",
  "route": "/api/messages",
  "dbType": "mysql",
  "dbConnection": "MYSQL_1",
  "dbTable": "messages",
  "keys": ["id", "sender_id"],
  "allowRead": [
    "id",
    "sender_id",
    "recipient_id",
    "group_name",
    "message",
    "status",
    "timestamp"
  ],
  "allowWrite": [
    "sender_id",
    "recipient_id",
    "group_name",
    "message",
    "status",
    "timestamp"
  ],
  "allowedMethods": ["GET", "POST", "PUT", "DELETE"],
  "columnDefinitions": {
    "id": "Int",
    "sender_id": "String",
    "recipient_id": "String",
    "group_name": "String",
    "message": "String",
    "status": "String",
    "timestamp": "String"
  },
  "auth": "token",
  "acl": ["publicAccess"]
}
,
  {
    "routeType": "def",
    "dbType": "mysql",
    "dbConnection": "MYSQL_1",
    "dbTable": "users",
    "keys": ["user_id"],
    "allowRead": [
      "user_id",
      "first_seen",
      "last_seen",
      "total_sessions",
      "user_agent",
      "first_referrer",
      "first_landing_page",
      "attributes"
    ],
    "allowWrite": [
      "user_id",
      "first_seen",
      "last_seen",
      "total_sessions",
      "user_agent",
      "first_referrer",
      "first_landing_page",
      "attributes"
    ],
    "allowedMethods": ["GET", "POST", "PUT", "DELETE"],
    "columnDefinitions": {
      "user_id": "String",
      "first_seen": "String",
      "last_seen": "String",
      "total_sessions": "Int",
      "user_agent": "String",
      "first_referrer": "String",
      "first_landing_page": "String",
      "attributes": "Json"
    },
    "auth": "token",
    "acl": ["publicAccess"]
  }, 
  {
  "routeType": "database",
  "dbType": "mysql",
  "dbConnection": "MYSQL_1",
  "dbTable": "events",
  "route": "/api/events",
  "allowRead": [
   "id", "event_type", "user_id", "page_url", "user_agent", "ip_address", "event_data", "created_at"
  ],
  "allowMethods": [
    "GET"   
  ],
    "mlModel": {
      "type": "JSON"
    }
  ,
  "auth": "token",
  "acl": [
    "publicAccess"
  ]
},
  {
    "routeType": "database",
    "dbType": "mysql",
    "dbConnection": "MYSQL_1",
    "dbTable": "adaptus2_reports",
    "route": "/api/adaptus2_reports",
    "allowRead": [
      "id",
      "reportName",
      "sqlQuery",
      "acl",
      "filters",
      "created_at",
      "updated_at",
      "mlModel"
    ],
    "allowWrite": [
      "id",
      "reportName",
      "sqlQuery",
      "acl",
      "filters",
      "created_at",
      "updated_at",
      "mlModel"
    ],
    "allowMethods": [
      "GET",
      "POST",
      "PUT",
      "DELETE"
    ],
    "columnDefinitions": {
      "id": {
        "type": "VARCHAR(36)",
        "constraints": "NOT NULL PRIMARY KEY"
      },
      "reportName": {
        "type": "VARCHAR(255)",
        "constraints": "NOT NULL"
      },
      "sqlQuery": {
        "type": "TEXT",
        "constraints": "NOT NULL"
      },
      "acl": {
        "type": "JSON",
        "constraints": "NOT NULL"
      },
      "filters": {
        "type": "JSON",
        "constraints": "NOT NULL"
      },
      "created_at": {
        "type": "TIMESTAMP",
        "constraints": "DEFAULT CURRENT_TIMESTAMP"
      },
      "updated_at": {
        "type": "TIMESTAMP",
        "constraints": "DEFAULT CURRENT_TIMESTAMP"
      },
      "mlModel": {
        "type": "JSON"
      }
    },
    "auth": "token",
    "acl": [
      "publicAccess"
    ]
  },
  {
    "routeType": "dynamic",
    "dbType": "mysql",
    "dbConnection": "MYSQL_1",
    "route": "/api/testTemplate",
    "auth": "token",
    "acl": [
      "publicAccess"
    ],
    "allowMethods": [
      "GET"
    ],
    "allowRead": [
      "response"
    ],
    "rateLimit": {
      "requestsPerMinute": 10
    }
  },
  {
    "routeType": "dynamic",
    "dbType": "mysql",
    "dbConnection": "MYSQL_1",
    "route": "/api/testDB",
    "auth": "token",
    "acl": [
      "publicAccess"
    ],
    "allowMethods": [
      "GET"
    ],
    "allowRead": [
      "response"
    ],
    "rateLimit": {
      "requestsPerMinute": 10
    }
  },
  {
    "routeType": "dynamic",
    "dbType": "mysql",
    "dbConnection": "MYSQL_1",
    "route": "/api/testmail",
    "auth": "token",
    "acl": [
      "publicAccess"
    ],
    "allowMethods": [
      "GET"
    ],
    "allowRead": [
      "response"
    ],
    "rateLimit": {
      "requestsPerMinute": 10
    }
  },
  {
    "routeType": "static",
    "route": "/js",
    "folderPath": "/home/devops/devops7/Adaptus2-Framework/src/public"
  },
  {
    "routeType": "static",
    "route": "/css",
    "folderPath": "/home/devops/devops7/Adaptus2-Framework/src/public"
  },
  {
    "routeType": "static",
    "route": "/api/xy",
    "folderPath": "/home/devops/devops7/Adaptus2-Framework/config"
  },
  {
    "routeType": "static",
    "route": "/img",
    "folderPath": "/home/devops/Pictures"
  },
  {
    "routeType": "database",
    "dbType": "mysql",
    "dbConnection": "MYSQL_1",
    "dbTable": "users",
    "auth": "email",
    "authentication": "password",
    "allowMethods": [
      "POST"
    ],
    "encryption": "bcrypt",
    "allowRead": [
      "id",
      "username",
      "password",
      "acl"
    ],
    "route": "/api/login2",
    "keys": [
      "id"
    ],
    "cache": 0,
    "rateLimit": {
      "requestsPerMinute": 5
    }
  },
  {
    "routeType": "database",
    "dbType": "mysql",
    "dbConnection": "MYSQL_1",
    "dbTable": "users",
    "auth": "username",
    "allowMethods": [
      "POST"
    ],
    "authentication": "password",
    "encryption": "bcrypt",
    "allowRead": [
      "id",
      "username",
      "password",
      "acl"
    ],
    "route": "/api/login",
    "keys": [
      "id"
    ],
    "cache": 0,
    "rateLimit": {
      "requestsPerMinute": 5
    }
  },
  {
    "routeType": "proxy",
    "route": "/proxy/search",
    "allowMethods": [
      "GET"
    ],
    "targetUrl": "https://www.google.com/search",
    "auth": "token",
    "acl": [
      "publicAccess"
    ],
    "queryMapping": {
      "q": "q"
    },
    "rateLimit": {
      "requestsPerMinute": 30
    }
  },
  {
    "routeType": "database",
    "dbType": "mysql",
    "dbConnection": "MYSQL_1",
    "dbTable": "video_catalog",
    "route": "/api/videos",
    "cache": 1,
    "uuidMapping": [
      "videoID"
    ],
    "allowMethods": [
      "GET"
    ],
    "allowRead": [
      "videoID",
      "name",
      "description",
      "source",
      "filename",
      "hero"
    ],
    "videoField": "video",
    "imageField": "hero",
    "allowWrite": [
      "name",
      "description"
    ],
    "keys": [
      "videoID"
    ],
    "acl": [
      "publicAccess"
    ],
    "auth": "token",
    "columnDefinitions": {
      "videoID": "INT PRIMARY KEY AUTO_INCREMENT",
      "name": "VARCHAR(255)",
      "description": "TEXT",
      "source": "VARCHAR(255)",
      "filename": "VARCHAR(255)",
      "hero": "BOOLEAN DEFAULT 0"
    },
    "validation": {
      "videoID": {
        "type": "string",
        "errorCodes": {
          "httpCode": 400,
          "code": [
            1001
          ]
        }
      }
    },
    "errorCodes": {
      "notFound": {
        "httpCode": 404,
        "code": [
          2000
        ],
        "message": "Video not found"
      },
      "unauthorized": {
        "httpCode": 403,
        "code": [
          3001
        ],
        "message": "You are not authorized to access Videos, please buy license other domains"
      }
    },
    "rateLimit": {
      "requestsPerMinute": 20
    }
  },
  {
    "routeType": "database",
    "dbType": "mysql",
    "dbConnection": "MYSQL_1",
    "dbTable": "uploads",
    "route": "/api/gallery",
    "allowMethods": [
      "GET"
    ],
    "allowRead": [
      "id",
      "filename",
      "filepath",
      "filetype",
      "uploaded_by",
      "uploaded_at"
    ],
    "keys": [
      "id"
    ],
    "uuidMapping": true,
    "acl": [
      "publicAccess"
    ],
    "auth": "token",
    "rateLimit": {
      "requestsPerMinute": 20
    }
  },
  {
    "routeType": "fileUpload",
    "dbType": "mysql",
    "dbConnection": "MYSQL_1",
    "dbTable": "uploads",
    "route": "/api/upload",
    "allowMethods": [
      "POST"
    ],
    "allowRead": [
      "id",
      "filename",
      "filepath",
      "filetype",
      "uploaded_by",
      "uploaded_at"
    ],
    "allowWrite": [
      "filename",
      "filepath",
      "filetype",
      "uploaded_by"
    ],
    "keys": [
      "id"
    ],
    "acl": [
      "publicAccess"
    ],
    "auth": "token",
    "fileUpload": {
      "allowedFileTypes": [
        "image/png",
        "image/jpeg",
        "application/pdf",
        "video/mp4",
        "video/x-msvideo",
        "video/quicktime"
      ],
      "storagePath": "./uploads",
      "fieldName": "video"
    },
    "columnDefinitions": {
      "id": "INT PRIMARY KEY AUTO_INCREMENT",
      "filename": "VARCHAR(255)",
      "filepath": "TEXT",
      "filetype": "VARCHAR(50)",
      "uploaded_by": "VARCHAR(100)",
      "uploaded_at": "DATETIME DEFAULT CURRENT_TIMESTAMP"
    },
    "rateLimit": {
      "requestsPerMinute": 20
    }
  },
  {
    "routeType": "proxy",
    "route": "/proxy/meals",
    "allowMethods": [
      "GET"
    ],
    "targetUrl": "https://www.themealdb.com/api/json/v1/1/filter.php",
    "auth": "token",
    "acl": [
      "publicAccess"
    ],
    "queryMapping": {
      "ingredient": "i"
    },
    "headers": {},
    "cache": {
      "enabled": true,
      "ttl": 300
    },
    "responseMapping": {
      "strMeal": "mealName",
      "strMealThumb": "mealThumbnail",
      "idMeal": "mealId"
    },
    "rateLimit": {
      "requestsPerMinute": 30
    }
  },
  {
    "routeType": "database",
    "dbType": "mysql",
    "dbConnection": "MYSQL_1",
    "dbTable": "articles",
    "route": "/api/articles",
    "allowMethods": [
      "GET",
      "POST",
      "PUT",
      "DELETE"
    ],
    "allowRead": [
      "id",
      "title",
      "content",
      "image_url",
      "author_id"
    ],
    "allowWrite": [
      "title",
      "content",
      "image_url",
      "author_id"
    ],
    "keys": [
      "id",
      "title"
    ],
    "acl": [
      "publicAccess"
    ],
    "auth": "token",
    "cache": 0,
    "mlmodel": [
      "sentiment",
      "recommendation",
      "anomaly",
      "rag"
    ],
    "openGraphMapping": {
      "og:title": "title",
      "og:description": "content",
      "og:image": "image_url",
      "og:url": "id"
    },
    "columnDefinitions": {
      "id": "INT PRIMARY KEY AUTO_INCREMENT",
      "title": "VARCHAR(255)",
      "content": "TEXT",
      "image_url": "VARCHAR(255)",
      "author_id": "INT"
    },
    "rateLimit": {
      "requestsPerMinute": 20
    }
  },
  {
    "routeType": "def",
    "dbType": "mysql",
    "dbConnection": "MYSQL_1",
    "dbTable": "workflow_schedules",
    "allowWrite": [
      "workflow_name",
      "schedule_type",
      "cron_expression",
      "next_run",
      "data",
      "status"
    ],
    "allowRead": [
      "id",
      "workflow_name",
      "schedule_type",
      "cron_expression",
      "next_run",
      "data",
      "status",
      "created_at",
      "updated_at"
    ],
    "keys": [
      "id"
    ],
    "acl": [
      "publicAccess"
    ],
    "cache": 0,
    "columnDefinitions": {
      "id": "INT NOT NULL AUTO_INCREMENT PRIMARY KEY",
      "workflow_name": "VARCHAR(255) NOT NULL",
      "schedule_type": "ENUM('once', 'recurring') NOT NULL",
      "cron_expression": "VARCHAR(100)",
      "next_run": "DATETIME NOT NULL",
      "data": "JSON",
      "status": "ENUM('pending', 'running', 'completed', 'failed') DEFAULT 'pending'",
      "created_at": "TIMESTAMP DEFAULT CURRENT_TIMESTAMP",
      "updated_at": "TIMESTAMP DEFAULT CURRENT_TIMESTAMP ON UPDATE CURRENT_TIMESTAMP"
    }
  },
  {
    "routeType": "def",
    "dbType": "mysql",
    "dbConnection": "MYSQL_1",
    "dbTable": "pages",
    "allowWrite": [
      "TITLE",
      "HEADER_SCRIPTS",
      "BODY",
      "FOOTER_SCRIPTS",
      "OPTIONS"
    ],
    "allowRead": [
      "ID",
      "TITLE",
      "HEADER_SCRIPTS",
      "BODY",
      "FOOTER_SCRIPTS",
      "OPTIONS",
      "CREATED_AT",
      "UPDATED_AT"
    ],
    "keys": [
      "ID"
    ],
    "acl": [
      "publicAccess"
    ],
    "cache": 0,
    "columnDefinitions": {
      "ID": "INT NOT NULL AUTO_INCREMENT PRIMARY KEY",
      "TITLE": "VARCHAR(255)",
      "HEADER_SCRIPTS": "TEXT",
      "BODY": "TEXT",
      "FOOTER_SCRIPTS": "TEXT",
      "OPTIONS": "JSON",
      "CREATED_AT": "TIMESTAMP DEFAULT CURRENT_TIMESTAMP",
      "UPDATED_AT": "TIMESTAMP DEFAULT CURRENT_TIMESTAMP ON UPDATE CURRENT_TIMESTAMP"
    }
  },
  {
    "routeType": "database",
    "dbType": "mysql",
    "dbConnection": "MYSQL_1",
    "dbTable": "products",
    "route": "/api/products",
    "allowRead": [
      "id",
      "product_name",
      "description",
      "image",
      "price"
    ],
    "allowWrite": [
      "product_name",
      "description",
      "image",
      "price"
    ],
    "mlmodel": [
      "rag",
      "recommendation"
    ],
    "allowMethods": [
      "GET",
      "delete"
    ],
    "uuidMapping": [
      "id",
      "category_id"
    ],
    "keys": [
      "id",
      "category_id"
    ],
    "acl": [
      "publicAccess"
    ],
    "auth": "token",
    "columnDefinitions": {
      "id": "INT PRIMARY KEY AUTO_INCREMENT",
      "product_name": "VARCHAR(255)",
      "description": "TEXT",
      "image": "VARCHAR(255)",
      "price": "DECIMAL(10, 2)",
      "category_id": "INT"
    },
    "rateLimit": {
      "requestsPerMinute": 20
    }
  },
  {
    "routeType": "dynamic",
    "dbType": "mysql",
    "dbConnection": "MYSQL_1",
    "route": "/api/register",
    "allowMethods": [
      "POST"
    ],
    "allowWrite": [
      "email",
      "password",
      "name",
      "gender",
      "country_code",
      "acl",
      "platform"
    ],
    "keys": [
      "uuid"
    ],
    "validation": {
      "email": {
        "isValidEmail": true
      },
      "password": {
        "type": "string",
        "notEmpty": true,
        "minLength": 8,
        "errorCodes": {
          "httpCode": 401,
          "code": [
            1001
          ]
        }
      },
      "country": {
        "type": "string",
        "isISO3166CountryCode": true,
        "maxLength": 2,
        "errorCodes": {
          "httpCode": 401,
          "code": [
            1002
          ],
          "message": "Invalid country code"
        }
      }
    },
    "columnDefinitions": {
      "name": "String",
      "email": "String",
      "password": "String",
      "gender": "String",
      "acl": "String",
      "country_code": "String",
      "platform": "String"
    },
    "response": {
      "fields": [
        "username",
        "uuid",
        "status",
        "firebase_user_token"
      ]
    },
    "rateLimit": {
      "requestsPerMinute": 5
    }
  },
  {
    "routeType": "dynamic",
    "dbType": "mysql",
    "dbConnection": "MYSQL_1",
    "route": "/api/dproducts",
    "allowMethods": [
      "GET"
    ],
    "sqlQuery": "SELECT id, product_name, description, image, price, category_id, updated_at, gender FROM products",
    "uuidMapping": [
      "id",
      "category_id"
    ],
    "keys": [
      "id"
    ],
    "response": {
      "fields": [
        "id",
        "sender_id",
        "message",
        "timestamp"
      ]
    },
    "acl": [
      "publicAccess"
    ],
    "auth": "token",
    "cache": 0,
    "rateLimit": {
      "requestsPerMinute": 5
    }
  },
  {
    "routeType": "def",
    "dbType": "mysql",
    "dbConnection": "MYSQL_1",
    "dbTable": "users",
    "encryption": "sha256",
    "allowWrite": [
      "username",
      "password",
      "acl",
      "first_name",
      "last_name"
    ],
    "keys": [
      "id"
    ],
    "acl": [
      "publicAccess"
    ],
    "cache": 0
  },
  {
    "routeType": "def",
    "dbType": "mysql",
    "dbConnection": "MYSQL_1",
    "dbTable": "listprice",
    "allowWrite": [
      "product_name",
      "description",
      "image",
      "price",
      "category_id",
      "discount",
      "tax"
    ],
    "allowRead": [
      "id",
      "product_name",
      "description",
      "image",
      "price",
      "category_id",
      "discount",
      "tax",
      "updated_at"
    ],
    "keys": [
      "id"
    ],
    "acl": [
      "publicAccess"
    ],
    "cache": 0,
    "columnDefinitions": {
      "id": "INT NOT NULL AUTO_INCREMENT PRIMARY KEY",
      "product_name": "VARCHAR(255) NOT NULL",
      "description": "TEXT",
      "image": "VARCHAR(255) DEFAULT NULL",
      "price": "DECIMAL(10,2) NOT NULL",
      "category_id": "INT NOT NULL",
      "discount": "INT DEFAULT 0",
      "tax": "INT DEFAULT 0",
      "updated_at": "TIMESTAMP NULL DEFAULT CURRENT_TIMESTAMP ON UPDATE CURRENT_TIMESTAMP"
    }
  },
  {
    "routeType": "dynamic",
    "dbType": "mysql",
    "dbConnection": "MYSQL_1",
    "route": "/api/forms",
    "allowMethods": [
      "POST"
    ],
    "auth": "token",
    "acl": [
      "publicAccess"
    ],
    "rateLimit": {
      "requestsPerMinute": 10
    }
  },
  {
    "routeType": "dynamic",
    "dbType": "mysql",
    "dbConnection": "MYSQL_1",
    "route": "/api/logout",
    "allowMethods": [
      "POST"
    ],
    "auth": "token",
    "acl": [
      "publicAccess"
    ],
    "rateLimit": {
      "requestsPerMinute": 10
    }
  },
  {
    "routeType": "dynamic",
    "dbType": "mysql",
    "dbConnection": "MYSQL_1",
    "route": "/api/refresh",
    "allowMethods": [
      "GET"
    ],
    "auth": "token",
    "acl": [
      "publicAccess"
    ],
    "rateLimit": {
      "requestsPerMinute": 10
    }
  },
  {
    "routeType": "def",
    "dbType": "mysql",
    "dbConnection": "MYSQL_1",
    "dbTable": "users_v2",
    "route": "/api/users_v2",
    "keys": [
      "id"
    ],
    "allowRead": [
      "id",
      "uuid",
      "name",
      "email",
      "gender",
      "phone",
      "ltv",
      "rav",
      "status",
      "meta",
      "stripe_id",
      "default_source",
      "braintree_id",
      "paypal_email",
      "card_brand",
      "card_last_four",
      "card_exp_month",
      "card_exp_year",
      "postal_code",
      "country_code",
      "trial_ends_at",
      "last_login_at",
      "deleted_at",
      "created_at",
      "updated_at",
      "platform",
      "acl",
      "is_logged_in"
    ],
    "allowWrite": [
      "uuid",
      "name",
      "email",
      "password",
      "remember_token",
      "firebase_token",
      "gender",
      "phone",
      "ltv",
      "rav",
      "status",
      "meta",
      "stripe_id",
      "default_source",
      "braintree_id",
      "paypal_email",
      "card_brand",
      "card_last_four",
      "card_exp_month",
      "card_exp_year",
      "postal_code",
      "country_code",
      "trial_ends_at",
      "last_login_at",
      "deleted_at",
      "created_at",
      "updated_at",
      "platform",
      "acl",
      "is_logged_in"
    ],
    "allowMethods": [
      "GET",
      "POST",
      "PUT",
      "DELETE"
    ],
    "columnDefinitions": {
      "id": "Int",
      "uuid": "String",
      "name": "String",
      "email": "String",
      "password": "String",
      "remember_token": "String",
      "firebase_token": "String",
      "gender": "String",
      "phone": "String",
      "ltv": "Int",
      "rav": "Int",
      "status": "String",
      "meta": "JSON",
      "stripe_id": "String",
      "default_source": "String",
      "braintree_id": "String",
      "paypal_email": "String",
      "card_brand": "String",
      "card_last_four": "String",
      "card_exp_month": "String",
      "card_exp_year": "String",
      "postal_code": "String",
      "country_code": "String",
      "trial_ends_at": "Timestamp",
      "last_login_at": "Timestamp",
      "deleted_at": "Timestamp",
      "created_at": "Timestamp",
      "updated_at": "Timestamp",
      "platform": "Enum",
      "acl": "String",
      "is_logged_in": "Int"
    }
  },
  {
    "routeType": "dynamic",
    "route": "/api/videos2",
    "allowMethods": [
      "GET"
    ],
    "dbType": "mysql",
    "dbConnection": "MYSQL_1",
    "cache": 0,
    "auth": "token",
    "acl": [
      "publicAccess"
    ],
    "keys": [
      "videoID"
    ],
    "allowRead": [
      "videoID",
      "name"
    ],
    "allowWrite": []
  }
]