[
    {
        "routeType": "database",
        "dbType": "mysql",
        "dbConnection": "MYSQL_1",
        "dbTable": "video_conference_login",
        "auth": "username",
        "allowMethods": [
          "POST"
        ],
        "authentication": "password",
        "encryption": "bcrypt",
        "allowRead": [
          "id",
          "username",
          "password",
          "email",
          "name",
          "acl"
        ],
        "route": "/api/login",
        "keys": [
          "id"
        ],
        "cache": 0,
        "rateLimit": {
          "requestsPerMinute": 5
        }
      }
]