[
    {
      "routeType": "database",
      "route": "/api/accounts",
      "dbType": "mysql",
      "dbConnection": "MYSQL_1",
      "dbTable": "accounts",
      "allowMethods": ["GET", "POST", "DELETE"],
      "allowRead": ["id", "user_id", "platform", "username", "profileImage", "connected", "created_at", "updated_at"],
      "allowWrite": ["user_id", "platform", "username", "profileImage", "connected"],
      "keys": ["id"],
      "auth": "token",
      "acl": ["user"]      
    },
    {
      "routeType": "database",
      "route": "/api/posts",
      "dbType": "mysql",
      "dbConnection": "MYSQL_1",
      "dbTable": "posts",
      "allowMethods": ["GET", "POST", "PUT", "DELETE"],
      "allowRead": ["id", "user_id", "content", "platforms", "scheduled_for", "status", "media_urls", "platform_specific_content", "created_at", "updated_at"],
      "allowWrite": ["user_id", "content", "platforms", "scheduled_for", "status", "media_urls", "platform_specific_content"],
      "keys": ["id"],
      "auth": "token",
      "acl": ["user"],
      "mlmodel" : ["sentiment"]
    },
    {
      "routeType": "dynamic",
      "route": "/api/auth/register",
      "dbType": "mysql",
      "dbConnection": "MYSQL_1",
      "dbTable": "users",
      "allowMethods": ["POST"],
      "allowRead": ["id", "email"],
      "allowWrite": ["email", "password"],
      "keys": ["id"]         
      
    },
    {
      "routeType": "database",
      "route": "/api/auth/login",
      "dbType": "mysql",
      "dbConnection": "MYSQL_1",
      "dbTable": "users",
      "allowMethods": ["POST"],
      "allowRead": ["id", "email", "password","acl"],      
      "keys": ["id"],
      "auth": "email",
      "authentication": "password",
      "encryption": "bcrypt"
   
    },
    {
      "routeType": "dynamic",
      "route": "/api/auth/me",
      "allowMethods": ["GET"],
      "auth": "token",
      "acl": ["user"]
    }
  ]
  