{
    "isSandbox": true,
    "receiptVerifySandbox": "https://sandbox.itunes.apple.com/verifyReceipt",
    "receiptVerifyProduction": "https://buy.itunes.apple.com/verifyReceipt",
    "dbType": "mysql",
    "dbConnection": "default",
    "orderPrefix": "ap_",
    "purchaseModels": [
        { "type": "plan", "table": "plans", "key": "app_id" },
        { "type": "offer", "table": "offers", "key": "meta.sku" },
        { "type": "bundle", "table": "bundles", "key": "id" }
    ],
    "subscriptionTable": "subscriptions",
    "subscriptionColumns": {
        "user": "user_id",
        "plan": "app_plan"
    },
    "orderTable": "orders",
    "orderColumns": {
        "user": "user_id",
        "amount": "amount"
    },
    "orderItemsTable": "order_items"
}
