{
  "cms": {
    "name": "Adaptus2 CMS",
    "version": "1.0",
    "theme": "dark-mode",
    "tables": {
      "adaptus2_reports": {
        "dbTable": "adaptus2_reports",
        "title": "ADAPTUS2 REPORTS",
        "route": "/api/adaptus2_reports",
        "permissions": {
          "read": true,
          "write": true,
          "delete": true
        },
        "fields": {
          "id": {
            "label": "ID",
            "type": "text",
            "readonly": false,
            "hidden": false,
            "validation": {
              "required": true,
              "maxLength": 36
            },
            "ui": {
              "template": "input",
              "placeholder": "Enter id"
            }
          },
          "reportName": {
            "label": "REPORTNAME",
            "type": "text",
            "readonly": false,
            "hidden": false,
            "validation": {
              "required": true,
              "maxLength": 255
            },
            "ui": {
              "template": "input",
              "placeholder": "Enter reportName"
            }
          },
          "sqlQuery": {
            "label": "SQLQUERY",
            "type": "textarea",
            "readonly": false,
            "hidden": false,
            "validation": {
              "required": true
            },
            "ui": {
              "template": "rich-text-editor",
              "placeholder": "Enter sqlQuery"
            }
          },
          "acl": {
            "label": "ACL",
            "type": "text",
            "readonly": false,
            "hidden": false,
            "validation": {
              "required": true
            },
            "ui": {
              "template": "input",
              "placeholder": "Enter acl"
            }
          },
          "filters": {
            "label": "FILTERS",
            "type": "text",
            "readonly": false,
            "hidden": false,
            "validation": {
              "required": true
            },
            "ui": {
              "template": "input",
              "placeholder": "Enter filters"
            }
          },
          "created_at": {
            "label": "CREATED AT",
            "type": "date",
            "readonly": false,
            "hidden": false,
            "validation": {
              "required": true
            },
            "ui": {
              "template": "input",
              "placeholder": "Enter created at"
            }
          },
          "updated_at": {
            "label": "UPDATED AT",
            "type": "date",
            "readonly": false,
            "hidden": false,
            "validation": {
              "required": true
            },
            "ui": {
              "template": "input",
              "placeholder": "Enter updated at"
            }
          },
          "mlModel": {
            "label": "MLMODEL",
            "type": "text",
            "readonly": false,
            "hidden": false,
            "validation": {
              "required": true
            },
            "ui": {
              "template": "input",
              "placeholder": "Enter mlModel"
            }
          }
        },
        "listView": {
          "list_type": "table",
          "displayFields": [
            "id",
            "reportName",
            "sqlQuery"
          ],
          "sortableFields": [
            "id",
            "reportName",
            "sqlQuery",
            "acl",
            "filters",
            "created_at",
            "updated_at",
            "mlModel"
          ],
          "filterableFields": [
            "id",
            "reportName",
            "acl",
            "filters",
            "mlModel"
          ]
        },
        "detailView": {
          "form_type": "default",
          "tabs": {
            "General": [
              "id",
              "reportName",
              "sqlQuery",
              "acl",
              "filters",
              "created_at",
              "updated_at",
              "mlModel"
            ]
          }
        }
      },
      "users": {
        "dbTable": "users",
        "title": "USERS",
        "route": "/api/login",
        "permissions": {
          "read": true,
          "write": false,
          "delete": true
        },
        "fields": {},
        "listView": {
          "list_type": "table",
          "displayFields": [],
          "sortableFields": [],
          "filterableFields": []
        },
        "detailView": {
          "form_type": "default",
          "tabs": {
            "General": []
          }
        }
      },
      "events": {
        "dbTable": "events",
        "title": "EVENTS",
        "route": "/api/trackevent",
        "permissions": {
          "read": false,
          "write": true,
          "delete": true
        },
        "fields": {
          "id": {
            "label": "ID",
            "type": "number",
            "readonly": true,
            "hidden": true,
            "validation": {
              "required": false
            },
            "ui": {
              "template": "input",
              "placeholder": "Enter id"
            }
          },
          "event_type": {
            "label": "EVENT TYPE",
            "type": "text",
            "readonly": false,
            "hidden": true,
            "validation": {
              "required": true,
              "maxLength": 255
            },
            "ui": {
              "template": "input",
              "placeholder": "Enter event type"
            }
          },
          "user_id": {
            "label": "USER ID",
            "type": "text",
            "readonly": false,
            "hidden": true,
            "validation": {
              "required": true,
              "maxLength": 255
            },
            "ui": {
              "template": "input",
              "placeholder": "Enter user id"
            }
          },
          "page_url": {
            "label": "PAGE URL",
            "type": "textarea",
            "readonly": false,
            "hidden": true,
            "validation": {
              "required": true
            },
            "ui": {
              "template": "rich-text-editor",
              "placeholder": "Enter page url"
            }
          },
          "user_agent": {
            "label": "USER AGENT",
            "type": "textarea",
            "readonly": false,
            "hidden": true,
            "validation": {
              "required": true
            },
            "ui": {
              "template": "rich-text-editor",
              "placeholder": "Enter user agent"
            }
          },
          "ip_address": {
            "label": "IP ADDRESS",
            "type": "text",
            "readonly": false,
            "hidden": true,
            "validation": {
              "required": true,
              "maxLength": 255
            },
            "ui": {
              "template": "input",
              "placeholder": "Enter ip address"
            }
          },
          "event_data": {
            "label": "EVENT DATA",
            "type": "text",
            "readonly": false,
            "hidden": true,
            "validation": {
              "required": true
            },
            "ui": {
              "template": "input",
              "placeholder": "Enter event data"
            }
          },
          "created_at": {
            "label": "CREATED AT",
            "type": "date",
            "readonly": true,
            "hidden": true,
            "validation": {
              "required": false
            },
            "ui": {
              "template": "input",
              "placeholder": "Enter created at"
            }
          }
        },
        "listView": {
          "list_type": "table",
          "displayFields": [
            "id",
            "event_type",
            "user_id"
          ],
          "sortableFields": [
            "id",
            "event_type",
            "user_id",
            "page_url",
            "user_agent",
            "ip_address",
            "event_data",
            "created_at"
          ],
          "filterableFields": [
            "event_type",
            "user_id",
            "ip_address",
            "event_data"
          ]
        },
        "detailView": {
          "form_type": "default",
          "tabs": {
            "General": [
              "id",
              "event_type",
              "user_id",
              "page_url",
              "user_agent",
              "ip_address",
              "event_data",
              "created_at"
            ]
          }
        }
      },
      "video_catalog": {
        "dbTable": "video_catalog",
        "title": "VIDEO CATALOG",
        "route": "/api/videos",
        "permissions": {
          "read": true,
          "write": true,
          "delete": true
        },
        "fields": {
          "videoID": {
            "label": "VIDEOID",
            "type": "number",
            "readonly": true,
            "hidden": false,
            "validation": {
              "required": false
            },
            "ui": {
              "template": "input",
              "placeholder": "Enter videoID"
            }
          },
          "name": {
            "label": "NAME",
            "type": "text",
            "readonly": false,
            "hidden": false,
            "validation": {
              "required": true,
              "maxLength": 255
            },
            "ui": {
              "template": "input",
              "placeholder": "Enter name"
            }
          },
          "description": {
            "label": "DESCRIPTION",
            "type": "textarea",
            "readonly": false,
            "hidden": false,
            "validation": {
              "required": true
            },
            "ui": {
              "template": "rich-text-editor",
              "placeholder": "Enter description"
            }
          },
          "source": {
            "label": "SOURCE",
            "type": "text",
            "readonly": true,
            "hidden": false,
            "validation": {
              "required": false,
              "maxLength": 255
            },
            "ui": {
              "template": "input",
              "placeholder": "Enter source"
            }
          },
          "filename": {
            "label": "FILENAME",
            "type": "text",
            "readonly": true,
            "hidden": false,
            "validation": {
              "required": false,
              "maxLength": 255
            },
            "ui": {
              "template": "input",
              "placeholder": "Enter filename"
            }
          },
          "hero": {
            "label": "HERO",
            "type": "checkbox",
            "readonly": true,
            "hidden": false,
            "validation": {
              "required": false
            },
            "ui": {
              "template": "input",
              "placeholder": "Enter hero"
            }
          }
        },
        "listView": {
          "list_type": "video-gallery",
          "displayFields": [
            "videoID",
            "name",
            "description"
          ],
          "sortableFields": [
            "videoID",
            "name",
            "description",
            "source",
            "filename",
            "hero"
          ],
          "filterableFields": [
            "name",
            "source",
            "filename"
          ]
        },
        "detailView": {
          "form_type": "video_preview",
          "tabs": {
            "General": [
              "videoID",
              "name",
              "description",
              "source",
              "filename",
              "hero"
            ]
          }
        }
      },
      "uploads": {
        "dbTable": "uploads",
        "title": "UPLOADS",
        "route": "/api/gallery",
        "permissions": {
          "read": true,
          "write": false,
          "delete": true
        },
        "fields": {},
        "listView": {
          "list_type": "table",
          "displayFields": [],
          "sortableFields": [],
          "filterableFields": []
        },
        "detailView": {
          "form_type": "default",
          "tabs": {
            "General": []
          }
        }
      },
      "articles": {
        "dbTable": "articles",
        "title": "ARTICLES",
        "route": "/api/articles",
        "permissions": {
          "read": true,
          "write": true,
          "delete": true
        },
        "fields": {
          "id": {
            "label": "ID",
            "type": "number",
            "readonly": true,
            "hidden": false,
            "validation": {
              "required": false
            },
            "ui": {
              "template": "input",
              "placeholder": "Enter id"
            }
          },
          "title": {
            "label": "TITLE",
            "type": "text",
            "readonly": false,
            "hidden": false,
            "validation": {
              "required": true,
              "maxLength": 255
            },
            "ui": {
              "template": "input",
              "placeholder": "Enter title"
            }
          },
          "content": {
            "label": "CONTENT",
            "type": "textarea",
            "readonly": false,
            "hidden": false,
            "validation": {
              "required": true
            },
            "ui": {
              "template": "rich-text-editor",
              "placeholder": "Enter content"
            }
          },
          "image_url": {
            "label": "IMAGE URL",
            "type": "text",
            "readonly": false,
            "hidden": false,
            "validation": {
              "required": true,
              "maxLength": 255
            },
            "ui": {
              "template": "input",
              "placeholder": "Enter image url"
            }
          },
          "author_id": {
            "label": "AUTHOR ID",
            "type": "number",
            "readonly": false,
            "hidden": false,
            "validation": {
              "required": true
            },
            "ui": {
              "template": "input",
              "placeholder": "Enter author id"
            }
          }
        },
        "listView": {
          "list_type": "table",
          "displayFields": [
            "id",
            "title",
            "content"
          ],
          "sortableFields": [
            "id",
            "title",
            "content",
            "image_url",
            "author_id"
          ],
          "filterableFields": [
            "title",
            "image_url"
          ]
        },
        "detailView": {
          "form_type": "default",
          "tabs": {
            "General": [
              "id",
              "title",
              "content",
              "image_url",
              "author_id"
            ]
          }
        }
      },
      "products": {
        "dbTable": "products",
        "title": "PRODUCTS",
        "route": "/api/products",
        "permissions": {
          "read": true,
          "write": true,
          "delete": true
        },
        "fields": {
          "id": {
            "label": "ID",
            "type": "number",
            "readonly": true,
            "hidden": false,
            "validation": {
              "required": false
            },
            "ui": {
              "template": "input",
              "placeholder": "Enter id"
            }
          },
          "product_name": {
            "label": "PRODUCT NAME",
            "type": "text",
            "readonly": false,
            "hidden": false,
            "validation": {
              "required": true,
              "maxLength": 255
            },
            "ui": {
              "template": "input",
              "placeholder": "Enter product name"
            }
          },
          "description": {
            "label": "DESCRIPTION",
            "type": "textarea",
            "readonly": false,
            "hidden": false,
            "validation": {
              "required": true
            },
            "ui": {
              "template": "rich-text-editor",
              "placeholder": "Enter description"
            }
          },
          "image": {
            "label": "IMAGE",
            "type": "text",
            "readonly": false,
            "hidden": false,
            "validation": {
              "required": true,
              "maxLength": 255
            },
            "ui": {
              "template": "input",
              "placeholder": "Enter image"
            }
          },
          "price": {
            "label": "PRICE",
            "type": "text",
            "readonly": false,
            "hidden": false,
            "validation": {
              "required": true
            },
            "ui": {
              "template": "input",
              "placeholder": "Enter price"
            }
          },
          "category_id": {
            "label": "CATEGORY ID",
            "type": "number",
            "readonly": true,
            "hidden": false,
            "validation": {
              "required": false
            },
            "ui": {
              "template": "input",
              "placeholder": "Enter category id"
            }
          }
        },
        "listView": {
          "list_type": "table",
          "displayFields": [
            "id",
            "product_name",
            "description"
          ],
          "sortableFields": [
            "id",
            "product_name",
            "description",
            "image",
            "price",
            "category_id"
          ],
          "filterableFields": [
            "product_name",
            "image",
            "price"
          ]
        },
        "detailView": {
          "form_type": "default",
          "tabs": {
            "General": [
              "id",
              "product_name",
              "description",
              "image",
              "price",
              "category_id"
            ]
          }
        }
      }
    }
  }
}