{
  "cms": {
    "name": "Adaptus2 CMS",
    "version": "1.0",
    "theme": "dark-mode",
    "tables": {
      "video_catalog": {
        "dbTable": "video_catalog",
        "title": "VIDEO CATALOG",
        "route": "/api/videos",
        "permissions": {
          "read": true,
          "write": true,
          "delete": true
        },
        "fields": {
          "videoID": {
            "label": "VIDEOID",
            "type": "string",
            "readonly": false,
            "hidden": false,
            "validation": {
              "required": true
            },
            "ui": {
              "template": "input",
              "placeholder": "Enter videoID"
            }
          },
          "name": {
            "label": "NAME",
            "type": "text",
            "readonly": false,
            "hidden": false,
            "validation": {
              "required": true,
              "maxLength": 255
            },
            "ui": {
              "template": "input",
              "placeholder": "Enter name"
            }
          },
          "description": {
            "label": "DESCRIPTION",
            "type": "textarea",
            "readonly": false,
            "hidden": false,
            "validation": {
              "required": true
            },
            "ui": {
              "template": "rich-text-editor",
              "placeholder": "Enter description"
            }
          },
          "source": {
            "label": "SOURCE",
            "type": "enum",
            "values": [
              "s3",
              "local"              
            ],
            "readonly": false,
            "hidden": false,
            "validation": {
              "required": false,
              "maxLength": 255
            },
            "ui": {
              "template": "input",
              "placeholder": "Enter source"
            }
          },
          "filename": {
            "label": "FILENAME",
            "type": "file",
            "readonly": false,
            "hidden": false,
            "validation": {
              "required": true,
              "fileTypes": ["video/mp4", "video/webm"],
              "maxSize": "100MB"
            },
            "ui": {
                   "template": "video-preview"
              }   
          },
          "hero": {
            "label": "HERO",
            "type": "text",
            "readonly": false,
            "hidden": false,
            "validation": {
              "required": false
            },
            "ui": {
              "template": "inpu t",
              "placeholder": "Enter hero"
            }
          }
        },
        "listView": {
          "list_type": "video-gallery",
          "displayFields": [
            "videoID",
            "name",
            "description"
          ],
          "sortableFields": [
            "videoID",
            "name",
            "description",
            "source",
            "filename",
            "hero"
          ],
          "filterableFields": [
            "name",
            "source",
            "filename"
          ]
        },
        "detailView": {
          "form_type": "video_preview",
          "tabs": {
            "General": [
              "videoID",
              "name",
              "description",
              "source",
              "filename",
              "hero"
            ]
          }
        }
      },
      "articles": {
        "dbTable": "articles",
        "title": "ARTICLES",
        "route": "/api/articles",
        "permissions": {
          "read": true,
          "write": true,
          "delete": true
        },
        "fields": {
          "id": {
            "label": "ID",
            "type": "number",
            "readonly": true,
            "hidden": true,
            "validation": {
              "required": false
            },
            "ui": {
              "template": "input",
              "placeholder": "Enter id"
            }
          },
          "title": {
            "label": "TITLE",
            "type": "text",
            "readonly": false,
            "hidden": false,
            "validation": {
              "required": true,
              "maxLength": 255
            },
            "ui": {
              "template": "input",
              "placeholder": "Enter title"
            }
          },
          "content": {
            "label": "CONTENT",
            "type": "textarea",
            "readonly": false,
            "hidden": false,
            "validation": {
              "required": true
            },
            "ui": {
              "template": "rich-text-editor",
              "placeholder": "Enter content"
            }
          },
          "image_url": {
            "label": "IMAGE URL",
            "type": "text",
            "readonly": false,
            "hidden": false,
            "validation": {
              "required": true,
              "maxLength": 255
            },
            "ui": {
              "template": "input",
              "placeholder": "Enter image url"
            }
          },
          "author_id": {
            "label": "AUTHOR ID",
            "type": "number",
            "readonly": false,
            "hidden": false,
            "validation": {
              "required": true
            },
            "ui": {
              "template": "input",
              "placeholder": "Enter author id"
            }
          }
        },
        "listView": {
          "list_type": "table",
          "displayFields": [
            "id",
            "title",
            "content"
          ],
          "sortableFields": [
            "id",
            "title",
            "content",
            "image_url",
            "author_id"
          ],
          "filterableFields": [
            "title",
            "image_url"
          ]
        },
        "detailView": {
          "form_type": "default",
          "tabs": {
            "General": [
              "id",
              "title",
              "content",
              "image_url",
              "author_id"
            ]
          }
        }
      },
      "products": {
        "dbTable": "products",
        "title": "PRODUCTS",
        "route": "/api/products",
        "permissions": {
          "read": true,
          "write": true,
          "delete": true
        },
        "fields": {
          "id": {
            "label": "ID",
            "type": "number",
            "readonly": true,
            "hidden": false,
            "validation": {
              "required": true
            },
            "ui": {
              "template": "input",
              "placeholder": "Enter id"
            }
          },
          "product_name": {
            "label": "PRODUCT NAME",
            "type": "text",
            "readonly": false,
            "hidden": false,
            "validation": {
              "required": true,
              "maxLength": 255
            },
            "ui": {
              "template": "input",
              "placeholder": "Enter product name"
            }
          },
          "description": {
            "label": "DESCRIPTION",
            "type": "textarea",
            "readonly": false,
            "hidden": false,
            "validation": {
              "required": true
            },
            "ui": {
              "template": "rich-text-editor",
              "placeholder": "Enter description"
            }
          },
          "image": {
            "label": "IMAGE",
            "type": "text",
            "readonly": false,
            "hidden": false,
            "validation": {
              "required": true,
              "maxLength": 255
            },
            "ui": {
              "template": "input",
              "placeholder": "Enter image"
            }
          },
          "price": {
            "label": "PRICE",
            "type": "text",
            "readonly": false,
            "hidden": false,
            "validation": {
              "required": true
            },
            "ui": {
              "template": "input",
              "placeholder": "Enter price"
            }
          },
          "category_id": {
            "label": "CATEGORY ID",
            "type": "number",
            "readonly": true,
            "hidden": false,
            "validation": {
              "required": true
            },
            "ui": {
              "template": "input",
              "placeholder": "Enter category id"
            }
          }
        },
        "listView": {
          "list_type": "table",
          "displayFields": [
            "id",
            "product_name",
            "description"
          ],
          "sortableFields": [
            "id",
            "product_name",
            "description",
            "image",
            "price",
            "category_id"
          ],
          "filterableFields": [
            "product_name",
            "image",
            "price"
          ]
        },
        "detailView": {
          "form_type": "default",
          "tabs": {
            "General": [
              "id",
              "product_name",
              "description",
              "image",
              "price",
              "category_id"
            ]
          }
        }
      },
      "authors": {
        "dbTable": "authors",
        "title": "AUTHORS",
        "route": "/api/authors",
        "permissions": {
          "read": true,
          "write": true,
          "delete": true
        },
        "fields": {
          "id": {
            "label": "ID",
            "type": "number",
            "readonly": true,
            "hidden": false,
            "validation": {
              "required": true
            },
            "ui": {
              "template": "input",
              "placeholder": "Enter id"
            }
          },
          "name": {
            "label": "NAME",
            "type": "text",
            "readonly": false,
            "hidden": false,
            "validation": {
              "required": true,
              "maxLength": 255
            },
            "ui": {
              "template": "input",
              "placeholder": "Enter name"
            }
          },
          "bio": {
            "label": "BIO",
            "type": "textarea",
            "readonly": false,
            "hidden": false,
            "validation": {
              "required": true
            },
            "ui": {
              "template": "rich-text-editor",
              "placeholder": "Enter bio"
            }
          },
          "profile_image": {
            "label": "PROFILE IMAGE",
            "type": "text",
            "readonly": false,
            "hidden": false,
            "validation": {
              "required": true,
              "maxLength": 255
            },
            "ui": {
              "template": "input",
              "placeholder": "Enter profile image"
            }
          }
        },
        "listView": {
          "list_type": "table",
          "displayFields": [
            "id",
            "name",
            "bio"
          ],
          "sortableFields": [
            "id",
            "name",
            "bio",
            "profile_image"
          ],
          "filterableFields": [
            "name",
            "profile_image"
          ]
        },
        "detailView": {
          "form_type": "default",
          "tabs": {
            "General": [
              "id",
              "name",
              "bio",
              "profile_image"
            ]
          }
        }
      }
    }
  }
}