{
    "routes": {
      "cms": {
            "route": "/cms",
            "method": ["POST","GET","PUT","DELETE"],
            "allowWrite": ["id","content_type", "title", "slug", "content", "file_path", "metadata", "status", "author_id"],
            "allowRead": ["id", "content_type", "title", "slug", "content", "file_path", "metadata", "status", "author_id", "created_at", "updated_at"],
            "keys": ["id"],        
            "cache": 0,
            "auth": "token",
            "acl": ["publicAccess", "editor"],
            "errorCodes": {
                  "notFound": {
                        "httpCode": 404,
                        "code": [2000],
                        "message": "Record not found"
                  },        
                  "unauthorized": {
                        "httpCode": 403,
                        "code": [3001],
                        "message": "You are not authorized to access this resource"
                  } 
            }
      },
      "list": {
        "route": "/cms/list",
        "method": ["GET"],
        "auth": "token",
        "acl": ["publicAccess", "editor", "viewer"],
        "errorCodes": {
            "notFound": {
                  "httpCode": 404,
                  "code": [2000],
                  "message": "Record not found"
            },        
            "unauthorized": {
                  "httpCode": 403,
                  "code": [3001],
                  "message": "You are not authorized to access this resource"
            } 
        }
      },
      "search": {
        "route": "/cms/search",
        "method": ["GET"],
        "auth": "token",
        "acl": ["publicAccess", "editor", "viewer"],
        "errorCodes": {
            "notFound": {
                  "httpCode": 404,
                  "code": [2000],
                  "message": "Record not found"
            },        
            "unauthorized": {
                  "httpCode": 403,
                  "code": [3001],
                  "message": "You are not authorized to access this resource"
            } 
        }
      }
    }
}
  