{
    "lowBandwidth": {
      "preset": "veryfast",
      "crf": "28",
      "c:v": "libx264",
      "c:a": "aac",
      "b:a": "64k",
      "hls_time": "6",
      "hls_playlist_type": "vod",
      "pix_fmt": "yuv420p"
    },
    "mediumBandwidth": {
      "preset": "fast",
      "crf": "23",
      "c:v": "libx264",
      "c:a": "aac",
      "b:a": "96k",
      "hls_time": "6",
      "hls_playlist_type": "vod",
      "pix_fmt": "yuv420p"
    },
    "highestQuality": {
      "preset": "slow",
      "crf": "18",
      "c:v": "libx264",
      "c:a": "aac",
      "b:a": "128k",
      "hls_time": "6",
      "hls_playlist_type": "vod",
      "pix_fmt": "yuv420p"
    }
}