{
    "project_info": {
      "project_number": "258295839059",
      "firebase_url": "https://v-shred-dev-mobile.firebaseio.com",
      "project_id": "v-shred-dev-mobile",
      "storage_bucket": "v-shred-dev-mobile.firebasestorage.app"
    },
    "client": [
      {
        "client_info": {
          "mobilesdk_app_id": "1:258295839059:android:4624e1a848b94f87eb09a6",
          "android_client_info": {
            "package_name": "com.vshred.dev"
          }
        },
        "oauth_client": [
          {
            "client_id": "258295839059-2vvgceaji461odd4vj90ur34amb9frnb.apps.googleusercontent.com",
            "client_type": 1,
            "android_info": {
              "package_name": "com.vshred.dev",
              "certificate_hash": "6365d767e86577225037410f36d7a6c2fc7863eb"
            }
          },
          {
            "client_id": "258295839059-bbgg7l772eck9v56vn5f9au2e2sn66di.apps.googleusercontent.com",
            "client_type": 1,
            "android_info": {
              "package_name": "com.vshred.dev",
              "certificate_hash": "715c09c575847ba91a3ac650a2c196af4151144f"
            }
          },
          {
            "client_id": "258295839059-pfivbte9mkshqmum3tfo83oub2dqmhlp.apps.googleusercontent.com",
            "client_type": 3
          }
        ],
        "api_key": [
          {
            "current_key": "AIzaSyBKCaD70t89lqTlKSQAc_lm35xgbfPgwlg"
          }
        ],
        "services": {
          "appinvite_service": {
            "other_platform_oauth_client": [
              {
                "client_id": "258295839059-pfivbte9mkshqmum3tfo83oub2dqmhlp.apps.googleusercontent.com",
                "client_type": 3
              },
              {
                "client_id": "258295839059-dln5584o8idhrrjun1vbheund8kkm50f.apps.googleusercontent.com",
                "client_type": 2,
                "ios_info": {
                  "bundle_id": "com.vshred.dev"
                }
              }
            ]
          }
        }
      }
    ],
    "configuration_version": "1"
  }