{
  "default": {
    "batchSize": 1000,
    "samplingRate": 1.0,
    "parallelProcessing": true,
    "incrementalTraining": true,
    "sentimentConfig": {
      "language": "English",
      "textPreprocessing": true,
      "minTextLength": 3,
      "combineFields": false
    },
    "recommendationConfig": {
      "k": 5,
      "scalingRange": [0, 1],
      "minClusterSize": 2,
      "missingValueStrategy": "mean",
      "weightedFields": {},
      "similarityThreshold": 0.5
    },
    "anomalyConfig": {
      "eps": 0.5,
      "minPts": 2,
      "scalingRange": [0, 1],
      "missingValueStrategy": "mean"
    },
    "churnConfig": {
      "targetField": "churned",
      "featureFields": [],
      "probabilityThreshold": 0.5,
      "balancingStrategy": "oversample",
      "testSplit": 0.2,
      "epochs": 10,
      "earlyStoppingPatience": 3,
      "featureImportance": true
    },
    "segmentationConfig": {
      "numSegments": 5,
      "segmentationFields": [],
      "dimensionalityReduction": "pca",
      "scalingStrategy": "standard",
      "clusteringAlgorithm": "kmeans",
      "segmentNaming": true,
      "visualizationEnabled": true
    },
    "purchasePredictionConfig": {
      "targetField": "purchased",
      "timeHorizon": 30,
      "productCategories": [],
      "minimumConfidence": 0.6,
      "includeCustomerHistory": true,
      "seasonalityDetection": true,
      "crossSellRecommendations": true
    },
    "fraudDetectionConfig": {
      "targetField": "fraudulent",
      "anomalyThreshold": 0.95,
      "realTimeScoring": true,
      "sensitivityLevel": "medium",
      "minimumSuspicionScore": 0.7,
      "adaptiveLearning": true,
      "featureAggregation": true
    },
    "creditRiskConfig": {
      "targetField": "defaulted",
      "scoreRange": [300, 850],
      "riskCategories": [
        "low",
        "medium",
        "high",
        "very_high"
      ],
      "requiredFields": [],
      "weightedFactors": {},
      "regulatoryCompliance": "standard",
      "explainabilityLevel": "detailed"
    },
    "stockPredictionConfig": {
      "targetField": "price",
      "timeSeriesLength": 30,
      "predictionHorizon": 5,
      "technicalIndicators": true,
      "externalFactors": true,
      "confidenceIntervals": true,
      "trendDetection": true
    },
    "demandForecastingConfig": {
      "targetField": "demand",
      "forecastHorizon": 90,
      "seasonalityPeriods": [7, 30, 365],
      "externalFactors": [],
      "confidenceIntervals": true,
      "aggregationLevel": "daily",
      "outlierTreatment": "winsorize"
    },
    "maintenanceConfig": {
      "targetField": "failure",
      "equipmentIdField": "equipment_id",
      "leadTime": 14,
      "sensorFields": [],
      "failureTypes": [],
      "minimumWarningConfidence": 0.8,
      "maintenanceScheduleOptimization": true
    },
    "diseaseRiskConfig": {
      "targetCondition": "",
      "demographicFields": [],
      "clinicalFields": [],
      "geneticFields": [],
      "lifestyleFields": [],
      "timeHorizon": 365,
      "minimumConfidence": 0.7,
      "riskCategories": [
        "low",
        "moderate",
        "high",
        "very_high"
      ]
    },
    "readmissionConfig": {
      "targetField": "readmitted",
      "readmissionWindow": 30,
      "patientIdField": "patient_id",
      "chronicConditionFields": [],
      "medicationFields": [],
      "includeRecentProcedures": true,
      "highRiskThreshold": 0.7,
      "interventionRecommendation": true
    },
    "employeeChurnConfig": {
      "targetField": "left_company",
      "employeeIdField": "employee_id",
      "performanceFields": [],
      "engagementFields": [],
      "compensationFields": [],
      "timeHorizon": 180,
      "confidenceThreshold": 0.65,
      "retentionStrategies": true
    },
    "talentConfig": {
      "targetField": "hired",
      "performanceField": "performance_score",
      "candidateIdField": "candidate_id",
      "skillFields": [],
      "experienceFields": [],
      "cultureFitFields": [],
      "diversityConsideration": true,
      "skillGapAnalysis": true
    },
    "performanceConfig": {
      "targetField": "performance_rating",
      "employeeIdField": "employee_id",
      "performanceScale": [1, 5],
      "developmentFactors": [],
      "skillProgressionFields": [],
      "peerComparisonEnabled": true,
      "potentialAssessment": true,
      "trainingRecommendation": true
    }
  },
  "endpoints": {
    "customers": {
      "churnConfig": {
        "targetField": "is_active",
        "featureFields": [
          "last_purchase_date",
          "purchase_frequency",
          "total_spend",
          "support_tickets",
          "age"
        ],
        "probabilityThreshold": 0.6
      }
    },
    "transactions": {
      "fraudDetectionConfig": {
        "targetField": "is_fraudulent",
        "sensitivityLevel": "high",
        "minimumSuspicionScore": 0.65
      }
    },
    "products": {
      "demandForecastingConfig": {
        "targetField": "quantity_sold",
        "forecastHorizon": 60,
        "aggregationLevel": "weekly"
      }
    },
    "employees": {
      "employeeChurnConfig": {
        "targetField": "active",
        "performanceFields": [
          "performance_score",
          "promotion_last_year"
        ],
        "timeHorizon": 90
      },
      "performanceConfig": {
        "targetField": "annual_rating",
        "performanceScale": [1, 10]
      }
    }
  }
}
